Chapter,Email
Alpha,alpha@iotaphitheta.org
Alpha Epsilon Omega,alphaepsilonomega@iotaphitheta.org
Alpha Omega,alphaomega@iotaphitheta.org
Alpha Omicron Omega,alphaomicronomega@iotaphitheta.org
Alpha Tau,alphatau@iotaphitheta.org
Beta,beta@iotaphitheta.org
Beta Alpha Omega,betaalphaomega@iotaphitheta.org
Beta Beta Omega,betabetaomega@iotaphitheta.org
Beta Epsilon Omega,betaepsilonomega@iotaphitheta.org
Beta Gamma Omega,betagammaomega@iotaphitheta.org
Beta Lambda,betalambda@iotaphitheta.org
Beta Omega,betaomega@iotaphitheta.org
Beta Phi Omega,betaphiomega@iotaphitheta.org
Beta Tau Omega,betatauomega@iotaphitheta.org
Beta Theta,betatheta@iotaphitehta.org
Delta,delta@iotaphitheta.org
Delta Beta Omega,deltabetaomega@iotaphitheta.org
Delta Delta,deltadelta@iotaphitheta.org
Delta Lambda,deltalambda@iotaphitheta.org
Epsilon Pi,epsilonpi@iotaphithpsilon.org
Epsilon Zeta,epsilonzeta@iotaphitheta.org
Eta,eta@iotaphitheta.org
Eta Xi,etaxi@iotaphitheta.org
Gamma,gamma@iotaphitheta.org
Gamma Eta Omega,gammaetaomega@iotaphitheta.org
Gamma Lambda Omega,gammalambdaomega@iotaphitheta.org
Gamma Nu Omega,gammanuomega@iotaphitheta.org
Gamma Omega,gammaomega@iotaphitheta.org
Gamma Omicron Omega,gammaomicronomega@iotaphitheta.org
Gamma Tau,gammatau@iotaphitheta.org
Gamma Xi,gammaxi@iotaphitheta.org
Iota,iota@iotaphitheta.org
Iota Omega,iotaomega@iotaphitheta.org
Kappa,kappa@iotaphitheta.org
Mu,mu@iotaphitheta.org
Nu,nu@iotaphitheta.org
Nu Omega,nuomega@iotaphitheta.org
Omicron Omega,omicronomega@iotaphitheta.org
Psi,psi@iotaphitheta.org
Psi Omega,psiomega@iotaphitheta.org
Rho,rho@iotaphitheta.org
Theta,theta@iotaphitheta.org
Theta Epsilon,thetaepsilon@iotaphitheta.org
Theta Omega,thetaomega@iotaphitheta.org
Theta Omicron,thetaomicron@iotaphitheta.org
Theta Phi,thetaphi@iotaphitheta.org
Theta Psi,thetapsi@iotaphitheta.org
Xi,xi@iotaphitheta.org
Zeta,zeta@iotaphitheta.org
Zeta Nu,zetanu@iotaphitheta.org
Zeta Rho,zetarho@iotaphitheta.org
Zeta Tau,zetatau@iotaphitheta.org
Alpha Beta Omega,alphabetaomega@iotaphitheta.org
Alpha Chi,alphachi@iotaphithlpha.org
Alpha Upsilon Omega,alphaupsilonomega@iotaphitheta.org
Alpha Zeta Omega,alphazetaomega@iotaphitheta.org
Beta Delta Omega,betadeltaomega@iotaphitheta.org
Beta Eta,betaeta@iotaphitheta.org
Beta Pi Omega,betapiomega@iotaphitheta.org
Beta Psi,betapsi@iotaphitheta.org
Beta Sigma,betasigma@iotaphitheta.org
Beta Upsilon,betaupsilon@iotaphitheta.org
Beta Zeta Omega,betazetaomega@iotaphitheta.org
Delta Chi,deltachi@iotaphitheta.org
Delta Mu,deltamu@iotaphitheta.org
Delta Xi Omega,deltaxiomega@iotaphitheta.org
Eta Iota,etaiota@iotaphitheta.org
Gamma Beta Omega,gammabetaomega@iotaphitheta.org
Gamma Gamma Omega,gammagammaomega@iotaphitheta.org
Gamma Phi,gammaphi@iotaphitheta.org
Gamma Pi,gammapi@iotaphitheta.org
Gamma Sigma Omega,gammasigmaomega@iotaphitha.org
Gamma Zeta,gammazeta@iotaphithamma.org
Theta Beta,thetabeta@iotaphitheta.org
Theta Gamma,thetagamma@iotaphitheta.org
Upsilon Omega,upsilonomega@iotaphitheta.org
Xi Omega,xiomega@iotaphitheta.org
Zeta Sigma,zetasigma@iotaphitheta.org
Alpha Alpha Omega,alphaalphaomega@iotaphitheta.org
Alpha Beta,alphabeta@iotaphitheta.org
Alpha Delta Omega,alphadeltaomega@iotaphitheta.org
Alpha Kappa Omega,alphakappaomega@iotaphitheta.org
Alpha Lambda,alphalambda@iotaphitheta.org
Alpha Rho,alpharho@iotaphitheta.org
Alpha Sigma Omega,alphasigmaomega@iotaphitheta.org
Alpha Tau Omega,alphatauomega@iotaphitheta.org
Alpha Theta Omega,alphathetaomega@iotaphitheta.org
Alpha Upsilon,alphaupsilon@iotaphitheta.org
Beta Gamma,betagamma@iotaphitheta.org
Beta Iota Omega,betaiotaomega@iotaphitheta.org
Beta Nu,betanu@iotaphitheta.org
Beta Omicron,betaomicron@iotaphitheta.org
Beta Sigma Omega,betasigmaomega@iotaphitheta.org
Beta Tau,betatau@iotaphitheta.org
Delta Alpha,deltaalpha@iotaphitheta.org
Delta Epsilon,deltaepsilon@iotaphitheta.org
Delta Omicron,deltaomicron@iotaphitheta.org
Delta Zeta,deltazeta@iotaphitheta.org
Epsilon Kappa,epsilonkappa@iotaphitheta.org
Epsilon Mu,epsilonmu@iotaphitheta.org
Epsilon Rho,epsilonrho@iotaphitheta.org
Eta Chi,etachi@iotaphitheta.org
Eta Lambda,etalambda@iotaphitheta.org
Eta Omega,etaomega@iotaphithta.org
Gamma Delta,gammadelta@iotaphitheta.org
Gamma Gamma,gammagamma@iotaphitheta.org
Gamma Iota Omega,Gammaiotaomega@iotaphittheta.org
Gamma Pi Omega,gammapiomega@iotaphitheta.org
Gamma Sigma,gammasigma@iotaphitheta.org
Gamma Theta Omega,gammathetaomega@iotaphitheta.org
Kappa Omega,kappaomega@iotaphikappa.org
Lambda Omega,lambdaomega@iotaphithambda.org
Mu Omega,muomega@iotaphithu.org
Theta Eta,thetaeta@iotaphitheta.org
Theta Theta,thetatheta@iotaphitheta.org
Upsilon,upsilon@iotaphitheta.org
Zeta Phi,zetaphi@iotaphitheta.org
Zeta Upsilon,zetaupsilon@iotaphitheta.org
Zeta Xi,zetaxi@iotaphizeta.org
Alpha Eta Omega,alphaetaomega@iotaphitheta.org
Alpha Gamma Omega,alphagammaomega@iotaphitheta.org
Alpha Iota,alphaiota@iolphaphithalpha.org
Alpha Mu,alphamu@iotaphitheta.org
Alpha Omicron,alphaomicron@iotaphitheta.org
Alpha Phi Omega,alphaphiomega@iotaphitheta.org
Beta Delta,betadelta@iotaphitheta.org
Beta Epsilon,betaepsilon@iotaphitheta.org
Beta Iota,betaiota@iotaphitheta.org
Beta Lambda Omega,betalambdaomega@iotaphitheta.org
Beta Mu,betamu@ioetaphithbeta.org
Beta Mu,betamu@iotaphitheta.org
Beta Nu Omega,betanuomega@iotaphitheta.org
Beta Omega Omega,betaomegaomega@iotaphitheta.org
Beta Pi,betapi@iotaphitheta.org
Beta Xi Omega,betaxiomega@iotaphitheta.org
Delta Beta,deltabeta@iotaphitheta.org
Delta Epsilon Omega,deltaepsilonomega@iotaphitheta.org
Delta Tau,deltatau@iotaphithelta.org
Delta Theta Omega,deltathetaomega@iotaphitheta.org
Delta Upsilon,deltaupsilon@iotaphitheta.org
Epsilon Iota,epsiloniota@iotaphitheta.org
Epsilon Theta,epsilontheta@iotaphitheta.org
Eta Delta,etadelta@iotaphitheta.org
Eta Epsilon,etaepsilon@iotaphitheta.org
Eta Eta,etaeta@iotaphitheta.org
Eta Omicron,etaomicron@iotaphitheta.org
Eta Phi,etaphi@iotaphitheta.org
Eta Pi,etapi@iotaphitheta.org
Eta Rho,etarho@iotaphitheta.org
Eta Theta,etatheta@iotaphitheta.org
Eta Zeta,etazeta@iotaphitheta.org
Gamma Epsilon,gammaepsilon@iotaphitheta.org
Gamma Eta,gammaeta@iotaphitheta.org
Gamma Lambda,gammalambda@iotaphitheta.org
Gamma Mu,gammamu@iotaphitheta.org
Gamma Nu,gammanu@iotaphitheta.org
Gamma Omega Omega,gammaomegaomega@iomegaphitheta.org
Gamma Rho,gammarho@iotaphitheta.org
Gamma Rho Omega,gammarhoomega@iotaphitheta.org
Gamma Theta,gammatheta@iotaphitheta.org
Gamma Xi Omega,gammaxiomega@iotaphitheta.org
Iota Epsilon,iotaepsilon@iootaphithiota.org
Theta Chi,thetachi@iotaphitheta.org
Theta Zeta,thetazeta@iotaphitheta.org
Zeta Alpha,zetaalpha@iotaphitheta.org
Zeta Psi,zetapsi@iotaphitheta.org
Alpha Eta,alphaeta@iotaphitheta.org
Alpha Kappa,alphakappa@iotaphitheta.org
Alpha Mu Omega,alphamuomega@iotaphitheta.org
Alpha Nu Omega,alphanuomega@iotaphitheta.org
Alpha Omega Omega,alphaomegaomega@iotaphitheta.org
Beta Chi Omega,betachiomega@iotaphitheta.org
Beta Kappa Omega,betakappaomega@iotaphitheta.org
Delta Gamma Omega,deltagammaomega@iotaphithelta.org
Delta Kappa,deltakappa@iotaphithelta.org
Delta Kappa Omega,deltakappaomega@iotaphitheta.org
Delta Nu,deltanu@iotaphitheta.org
Delta Xi,deltaxi@iotaphitheta.org
Epsilon Alpha,epsilonalpha@iotaphitheta.org
Epsilon Delta,epsilondelta@iotaphitheta.org
Epsilon Gamma,epsilongamma@iotaphitheta.org
Epsilon Phi,epsilonphi@iotaphitheta.org
Eta Tau,etatau@iotaphitheta.org
Gamma Alpha Omega,gammaalphaomega@iotaphitheta.org
Gamma Kappa,gammakappa@iotaphitheta.org
Gamma Upsilon,gammaupsilon@iotaphitheta.org
Gamma Upsilon Omega,gammaupsilonomega@iotaphitheta.org
Iota Delta,iotadelta@iotaphitheta.org
Lambda,lambda@iotaphithambda.org
Sigma Omega,sigmaomega@iotaphitheta.org
Theta Nu,thetanu@iotaphitheta.org
Theta Upsilon,thetaupsilon@iotaphitheta.org
Theta Xi,thetaxi@iotaphitheta.org
Zeta Beta,zetabeta@iotaphitheta.org
Zeta Epsilon,zetaepsilon@iotaphitheta.org
Zeta Eta,zetaeta@iotaphitheta.org
Zeta Mu,zetamu@iouphithmu.org
Zeta Omicron,zetaomicron@iotaphitheta.org
Alpha Alpha,alphaalpha@iotaphitheta.org
Alpha Delta,alphadelta@iotaphitheta.org
Alpha Nu,alphanu@iotaphitheta.org
Alpha Phi,alphaphi@iotaphitheta.org
Alpha Psi,alphapsi@iotaphitheta.org
Alpha Theta,alphatheta@iotaphitheta.org
Alpha Xi,alphaxi@iotaphitheta.org
Alpha Xi Omega,alphaxiomega@iotaphitheta.org
Alpha Zeta,alphazeta@iotaphitheta.org
Beta Rho,Rho@iotaphitheta.org
Beta Alpha,betaalpha@iotaphitheta.org
Beta Beta,betabeta@iotaphitheta.org
Beta Kappa,betakappa@iotaphitheta.org
Beta Omicron Omega,betaomicronomega@iotaphitheta.org
Beta Phi,betaphi@iotaphitheta.org
Beta Rho Omega,betarhoomega@iotaphitheta.org
Beta Theta Omega,betathetaomega@iotaphitheta.org
Beta Xi,betaxi@iotaphitheta.org
Beta Zeta,betazeta@iotaphitheta.org
Chi,chi@iotaphitheta.org
Chi Omega,chiomega@iotaphitheta.org
Delta Alpha Omega,deltaalphaomega@iotaphithelta.org
Delta Gamma,deltagamma@iotaphitheta.org
Delta Iota,deltaiota@iotaphitheta.org
Delta Lambda Omega,deltalambdaomega@iotaphitheta.org
Delta Mu Omega,deltamuomega@iotaphitheta.org
Delta Nu Omega,deltanuomega@iotaphitheta.org
Delta Omega,deltaomega@iotaphithelta.org
Delta Pi,deltapi@iotaphitheta.org
Delta Zeta Omega,deltazetaomega@iotaphithelta.org
Zeta Omega,earl.nelson63@gmail.com
Epsilon,Epsilon@iotaphitheta.org
Epsilon Chi,epsilonchi@iotaphitheta.org
Epsilon Epsilon,epsilonepsilon@iotaphithpsilon.org
Epsilon Lambda,epsilonlambda@iotaphitheta.org
Epsilon Sigma,epsilonsigma@iotaphitheta.org
Epsilon Tau,epsilontau@iotaphitheta.org
Epsilon Upsilon,epsilonupsilon@iotaphitheta.org
Eta Alpha,etaalpha@iotaphitheta.org
Eta Mu,etamu@iotaphitheta.org
Eta Nu,etanu@iotaphitheta.org
Eta Psi,etapsi@iotaphitheta.org
Gamma Alpha,gammaalpha@iotaphitheta.org
Gamma Beta,gammabeta@iotaphitheta.org
Gamma Chi Omega,gammachiomega@iotaphithamma.org
Gamma Iota,gammaiota@iotaphitheta.org
Gamma Phi Omega,gammaphiomegaiotas@gmail.com
Gamma Psi Omega,gammapsiomega@iotaphithamma.org
Gamma Zeta Omega,gammazetaomega@iotaphitheta.org
Iota Beta,iotabeta@iotaphithota.org
Iota Gamma,iotagamma@iotaphithota.org
Omega,omega@iotaphitheta.org
Omicron,omicron@iotaphitheta.org
Phi,phi@iotaphithhi.org
Phi Omega,phiomega@iotaphitheta.org
Pi,pi@iotaphitheta.org
Pi Omega,piomega@iotaphitheta.org
Rho Omega,rhoomega@iotaphitheta.org
Sigma,sigma@iotaphitheta.org
Tau,tau@iotaphitheta.org
Tau Omega,tauomega@iotaphitheta.org
Theta Alpha,thetaalpha@iotaphitheta.org
Theta Delta,thetadelta@iotaphitheta.org
Theta Rho,thetarho@iotaphitheta.org
Theta Sigma,thetasigma@iotaphitheta.org
Zeta Gamma,zetagamma@iotaphitheta.org
Zeta Iota,zetaiota@iotaphitheta.org
Zeta Theta,zetatheta@iotaphitheta.org
Alpha Lambda Omega,Omega@iotaphitheta.org
Alpha Chi Omega,alphachiomega@iotaphitheta.org
Alpha Gamma,alphagamma@iotaphitheta.org
Alpha Pi,alphapi@iotaphitheta.org
Alpha Pi Omega,alphapiomega@iotaphitheta.org
Alpha Psi Omega,alphapsiomega@iotaphitheta.org
Beta Chi,betachi@iotaphitheta.org
Beta Eta Omega,betaetaomega@iotaphitheta.org
Beta Mu Omega,betamuomega@iotaphitheta.org
Beta Psi Omega,betapsiomega@iotaphitheta.org
Beta Upsilon Omega,betaupsilonomega@iotaphitheta.org
Delta Delta Omega,deltadeltaomega@iotaphithelta.org
Delta Eta,deltaeta@iotaphitheta.org
Delta Eta Omega,deltaetaomega@iotaphithelta.org
Delta Iota Omega,deltaiotaomega@iotaphitheta.org
Delta Phi,deltaphi@iotaphitheta.org
Delta Psi,deltapsi@iotaphitheta.org
Delta Rho Omega,deltarhoomega@iotaphitheta.org
Delta Sigma,deltasigma@iotaphitheta.org
Delta Theta,deltatheta@iotaphitheta.org
Epsilon Beta,epsilonbeta@iotaphitheta.org
Epsilon Eta,epsiloneta@iotaphitheta.org
Epsilon Nu,epsilonnu@iotaphitheta.org
Epsilon Omega,epsilonomega@iotaphitheta.org
Epsilon Omicron,epsilonomicron@iotaphitheta.org
Epsilon Psi,epsilonpsi@iotaphitheta.org
Epsilon Xi,EpsilonXi@westgaiotas.com
Eta Beta,etabeta@iotaphitheta.org
Eta Gamma,etagamma@iotaphitheta.org
Eta Kappa,etakappa@iotaphitheta.org
Eta Upsilon,etaupsilon@iotaphitheta.org
Eta Sigma,Fiu.iotas@gmail.com
Gamma Chi,gammachi@iotaphitheta.org
Gamma Delta Omega,gammadeltaomega@iotaphitheta.org
Gamma Kappa Omega,gammakappaomega@iotaphitheta.org
Gamma Mu Omega,gammamuomega@iotaphitheta.org
Gamma Omicron,gammaomicron@iotaphithamma.org
Gamma Psi,gammapsi@iotaphitheta.org
Gamma Tau Omega,gammatauomega@iotaphithamma.org
Iota Alpha,iotaalpha@iotaphithota.org
Iota Kappa,iotakappa@iotaphitheta.org
Iota Lambda,Iotalambda@iotaphitheta.org
Theta Iota,thetaiota@iotaphitheta.org
Theta Mu,thetamu@iotaphitheta.org
Theta Pi,Thetapi@iotaphitheta.org
Theta Tau,thetatau@iotaphitheta.org
Gamma Epsilon Omega,vincent.j.knowles@gmail.com
Zeta Chi,zetachi@iotaphitheta.org
Zeta Delta,zetadelta@iotaphitheta.org
Zeta Kappa,zetakappa@iotaphitheta.org
Zeta Lambda,zetalambda@iotaphitheta.org
Zeta Pi,zetapi@iotaphitheta.org
Zeta Zeta,zetazeta@iotaphitheta.org
